-- phpMyAdmin SQL Dump
-- version 5.2.0
-- https://www.phpmyadmin.net/
--
-- Host: 127.0.0.1
-- Generation Time: Aug 31, 2022 at 05:37 AM
-- Server version: 10.4.24-MariaDB
-- PHP Version: 7.4.29

SET SQL_MODE = "NO_AUTO_VALUE_ON_ZERO";
START TRANSACTION;
SET time_zone = "+00:00";


/*!40101 SET @OLD_CHARACTER_SET_CLIENT=@@CHARACTER_SET_CLIENT */;
/*!40101 SET @OLD_CHARACTER_SET_RESULTS=@@CHARACTER_SET_RESULTS */;
/*!40101 SET @OLD_COLLATION_CONNECTION=@@COLLATION_CONNECTION */;
/*!40101 SET NAMES utf8mb4 */;

--
-- Database: `inventory`
--

-- --------------------------------------------------------

--
-- Table structure for table `branch`
--

CREATE TABLE `branch` (
  `branch_id` int(11) NOT NULL,
  `branch_name` varchar(50) NOT NULL,
  `branch_address` varchar(100) NOT NULL,
  `branch_contact` varchar(50) NOT NULL,
  `skin` varchar(15) NOT NULL
) ENGINE=InnoDB DEFAULT CHARSET=latin1;

--
-- Dumping data for table `branch`
--

INSERT INTO `branch` (`branch_id`, `branch_name`, `branch_address`, `branch_contact`, `skin`) VALUES
(1, 'Jhunu Medical Store', 'Dhaka_Rangpur High Way,Palashbari,Gaibandha', '+8801716161368,+8801799114899', 'red');

-- --------------------------------------------------------

--
-- Table structure for table `category`
--

CREATE TABLE `category` (
  `cat_id` int(11) NOT NULL,
  `cat_name` varchar(30) NOT NULL
) ENGINE=InnoDB DEFAULT CHARSET=latin1;

--
-- Dumping data for table `category`
--

INSERT INTO `category` (`cat_id`, `cat_name`) VALUES
(5, 'Hormone replacements'),
(6, 'Mood stabilizers'),
(7, 'Oral contraceptives'),
(8, 'Antimalarial drugs'),
(9, 'Antibiotics'),
(10, 'Analgesics'),
(11, 'Antiseptics'),
(12, 'Antipyretics'),
(13, 'Stimulants'),
(14, 'Tranquilizers'),
(15, 'Statins');

-- --------------------------------------------------------

--
-- Table structure for table `customer`
--

CREATE TABLE `customer` (
  `cust_id` int(11) NOT NULL,
  `cust_first` varchar(50) NOT NULL,
  `cust_last` varchar(30) NOT NULL,
  `cust_address` varchar(100) NOT NULL,
  `cust_contact` varchar(30) NOT NULL,
  `balance` decimal(10,2) NOT NULL,
  `cust_pic` varchar(300) NOT NULL,
  `bday` date NOT NULL,
  `nickname` varchar(30) NOT NULL,
  `house_status` varchar(30) NOT NULL,
  `years` varchar(20) NOT NULL,
  `rent` varchar(10) NOT NULL,
  `emp_name` varchar(100) NOT NULL,
  `emp_no` varchar(30) NOT NULL,
  `emp_address` varchar(100) NOT NULL,
  `emp_year` varchar(10) NOT NULL,
  `occupation` varchar(30) NOT NULL,
  `salary` varchar(30) NOT NULL,
  `spouse` varchar(30) NOT NULL,
  `spouse_no` varchar(30) NOT NULL,
  `spouse_emp` varchar(50) NOT NULL,
  `spouse_details` varchar(100) NOT NULL,
  `spouse_income` decimal(10,2) NOT NULL,
  `comaker` varchar(30) NOT NULL,
  `comaker_details` varchar(100) NOT NULL,
  `branch_id` int(11) NOT NULL,
  `credit_status` varchar(10) NOT NULL,
  `ci_remarks` varchar(1000) NOT NULL,
  `ci_name` varchar(50) NOT NULL,
  `ci_date` date NOT NULL,
  `payslip` int(11) NOT NULL,
  `valid_id` int(11) NOT NULL,
  `cert` int(11) NOT NULL,
  `cedula` int(11) NOT NULL,
  `income` int(11) NOT NULL
) ENGINE=InnoDB DEFAULT CHARSET=latin1;

--
-- Dumping data for table `customer`
--

INSERT INTO `customer` (`cust_id`, `cust_first`, `cust_last`, `cust_address`, `cust_contact`, `balance`, `cust_pic`, `bday`, `nickname`, `house_status`, `years`, `rent`, `emp_name`, `emp_no`, `emp_address`, `emp_year`, `occupation`, `salary`, `spouse`, `spouse_no`, `spouse_emp`, `spouse_details`, `spouse_income`, `comaker`, `comaker_details`, `branch_id`, `credit_status`, `ci_remarks`, `ci_name`, `ci_date`, `payslip`, `valid_id`, `cert`, `cedula`, `income`) VALUES
(1, 'Kenneth', 'Aboy', 'Silay City\r\n', '09098', '0.00', 'default.gif', '0000-00-00', '', '', '', '', '', '', '', '', '', '', '', '', '', '', '0.00', '', '', 1, '', '', '', '0000-00-00', 0, 0, 0, 0, 0),
(3, 'Joyanta', 'Sarker', 'House#12 ,Road#12/B,Uttara Model Town,Dhaka', '01673975520', '0.00', 'default.gif', '0000-00-00', '', '', '', '', '', '', '', '', '', '', '', '', '', '', '0.00', '', '', 1, '', '', '', '0000-00-00', 0, 0, 0, 0, 0),
(4, 'MIlon', 'Sarker', 'Kamarpara,Dhaka', '01724620277', '0.00', 'default.gif', '0000-00-00', '', '', '', '', '', '', '', '', '', '', '', '', '', '', '0.00', '', '', 1, '', '', '', '0000-00-00', 0, 0, 0, 0, 0);

-- --------------------------------------------------------

--
-- Table structure for table `history_log`
--

CREATE TABLE `history_log` (
  `log_id` int(11) NOT NULL,
  `user_id` int(11) NOT NULL,
  `action` varchar(100) NOT NULL,
  `date` datetime NOT NULL
) ENGINE=InnoDB DEFAULT CHARSET=latin1;

--
-- Dumping data for table `history_log`
--

INSERT INTO `history_log` (`log_id`, `user_id`, `action`, `date`) VALUES
(1, 1, 'added 5 of LG 43\" UHD TV UH6100', '2017-02-04 01:10:41'),
(2, 1, 'added 100 of Lotion', '2017-02-04 01:10:49'),
(3, 1, 'added 10 of Rice Cooker', '2017-02-04 01:10:55'),
(4, 1, 'added 5 of Samsung', '2017-02-04 01:11:07'),
(5, 1, 'has logged in the system at ', '2017-02-04 08:22:52'),
(6, 1, 'has logged in the system at ', '2017-02-04 08:51:11'),
(7, 1, 'has logged in the system at ', '2017-02-04 13:13:53'),
(8, 1, 'has logged in the system at ', '2017-02-21 18:56:56'),
(9, 1, 'added a payment of -76.6 for , ', '2017-02-21 00:00:00'),
(10, 1, 'has logged in the system at ', '2018-09-11 02:07:59'),
(11, 1, 'added 10 of LG 43\" UHD TV UH6100', '2018-09-11 02:15:19'),
(12, 1, 'has logged in the system at ', '2018-09-11 22:13:29'),
(13, 6, 'has logged out the system at ', '2018-09-11 22:24:41'),
(14, 7, 'has logged in the system at ', '2018-09-11 22:24:49'),
(15, 7, 'has logged out the system at ', '2018-09-11 22:26:46'),
(16, 1, 'has logged in the system at ', '2018-09-11 22:27:14'),
(17, 1, 'has logged in the system at ', '2018-09-11 22:29:01'),
(18, 6, 'added 500 of Napa', '2018-09-11 23:51:29'),
(19, 7, 'has logged in the system at ', '2018-09-12 12:33:50'),
(20, 6, 'added 5000 of Civit', '2018-09-12 12:43:02'),
(21, 6, 'added 350 of Detol', '2018-09-12 12:43:15'),
(22, 6, 'added 30 of Savlon', '2018-09-12 12:43:25'),
(23, 1, 'has logged in the system at ', '2018-09-12 12:48:29'),
(24, 7, 'has logged in the system at ', '2022-08-31 11:37:04');

-- --------------------------------------------------------

--
-- Table structure for table `payment`
--

CREATE TABLE `payment` (
  `payment_id` int(11) NOT NULL,
  `cust_id` int(11) NOT NULL,
  `sales_id` int(11) NOT NULL,
  `payment` decimal(10,2) NOT NULL,
  `payment_date` datetime NOT NULL,
  `user_id` int(11) NOT NULL,
  `branch_id` int(11) NOT NULL,
  `payment_for` date NOT NULL,
  `due` decimal(10,2) NOT NULL,
  `interest` decimal(10,2) NOT NULL,
  `remaining` decimal(10,2) NOT NULL,
  `status` varchar(20) NOT NULL,
  `rebate` decimal(10,2) NOT NULL,
  `or_no` int(11) NOT NULL
) ENGINE=InnoDB DEFAULT CHARSET=latin1;

--
-- Dumping data for table `payment`
--

INSERT INTO `payment` (`payment_id`, `cust_id`, `sales_id`, `payment`, `payment_date`, `user_id`, `branch_id`, `payment_for`, `due`, `interest`, `remaining`, `status`, `rebate`, `or_no`) VALUES
(3156, 1, 6, '550.00', '2017-02-21 19:57:12', 1, 1, '2017-02-21', '550.00', '0.00', '0.00', 'paid', '0.00', 1901),
(3157, 2, 7, '550.00', '2017-02-21 19:57:29', 1, 1, '2017-02-21', '550.00', '0.00', '0.00', 'paid', '0.00', 1902),
(3163, 2, 9, '113.30', '2017-02-21 21:31:20', 1, 1, '2017-03-21', '113.30', '0.00', '0.00', 'paid', '0.00', 0),
(3164, 2, 9, '36.70', '2017-02-21 21:31:20', 1, 1, '2017-04-21', '113.30', '9.10', '122.10', 'partially paid', '0.00', 0),
(3165, 2, 9, '0.00', '0000-00-00 00:00:00', 1, 1, '2017-05-21', '113.30', '9.10', '158.80', '', '0.00', 0),
(3166, 2, 9, '0.00', '0000-00-00 00:00:00', 1, 1, '2017-06-21', '113.30', '9.10', '158.80', '', '0.00', 0),
(3167, 2, 9, '113.30', '2017-02-21 00:00:00', 1, 1, '2017-02-21', '113.30', '0.00', '0.00', 'paid', '0.00', 3151),
(3168, 3, 10, '450.00', '2018-09-11 23:42:14', 6, 1, '2018-09-11', '450.00', '0.00', '0.00', 'paid', '0.00', 1903),
(3169, 3, 11, '2400.00', '2018-09-11 23:52:13', 6, 1, '2018-09-11', '2400.00', '0.00', '0.00', 'paid', '0.00', 1904),
(3170, 4, 12, '19700.00', '2018-09-12 12:59:34', 1, 1, '2018-09-12', '19700.00', '0.00', '0.00', 'paid', '0.00', 1905);

-- --------------------------------------------------------

--
-- Table structure for table `product`
--

CREATE TABLE `product` (
  `prod_id` int(11) NOT NULL,
  `prod_name` varchar(100) NOT NULL,
  `prod_desc` varchar(500) NOT NULL,
  `prod_price` decimal(10,2) NOT NULL,
  `prod_pic` varchar(300) NOT NULL,
  `cat_id` int(11) NOT NULL,
  `prod_qty` int(11) NOT NULL,
  `branch_id` int(11) NOT NULL,
  `reorder` int(11) NOT NULL,
  `supplier_id` int(11) NOT NULL,
  `serial` varchar(50) NOT NULL
) ENGINE=InnoDB DEFAULT CHARSET=latin1;

--
-- Dumping data for table `product`
--

INSERT INTO `product` (`prod_id`, `prod_name`, `prod_desc`, `prod_price`, `prod_pic`, `cat_id`, `prod_qty`, `branch_id`, `reorder`, `supplier_id`, `serial`) VALUES
(17, 'Napa', '', '12.00', 'default.gif', 12, 200, 1, 0, 11, '0001'),
(18, 'Savlon', '', '30.00', 'default.gif', 11, 5, 1, 0, 9, '0002'),
(19, 'Detol', '', '35.00', 'default.gif', 11, 200, 1, 0, 12, '0003'),
(20, 'Civit', '', '5.00', 'default.gif', 8, 2500, 1, 0, 10, '0004');

-- --------------------------------------------------------

--
-- Table structure for table `purchase_request`
--

CREATE TABLE `purchase_request` (
  `pr_id` int(11) NOT NULL,
  `prod_id` int(11) NOT NULL,
  `qty` int(11) NOT NULL,
  `request_date` date NOT NULL,
  `branch_id` int(11) NOT NULL,
  `purchase_status` varchar(10) NOT NULL
) ENGINE=InnoDB DEFAULT CHARSET=latin1;

-- --------------------------------------------------------

--
-- Table structure for table `sales`
--

CREATE TABLE `sales` (
  `sales_id` int(11) NOT NULL,
  `cust_id` int(11) NOT NULL,
  `user_id` int(11) NOT NULL,
  `cash_tendered` decimal(10,2) DEFAULT NULL,
  `discount` decimal(10,2) DEFAULT NULL,
  `amount_due` decimal(10,2) NOT NULL,
  `cash_change` decimal(10,2) DEFAULT NULL,
  `date_added` datetime NOT NULL,
  `modeofpayment` varchar(15) NOT NULL,
  `branch_id` int(11) NOT NULL,
  `total` decimal(10,2) NOT NULL
) ENGINE=InnoDB DEFAULT CHARSET=latin1;

--
-- Dumping data for table `sales`
--

INSERT INTO `sales` (`sales_id`, `cust_id`, `user_id`, `cash_tendered`, `discount`, `amount_due`, `cash_change`, `date_added`, `modeofpayment`, `branch_id`, `total`) VALUES
(1, 1, 1, '500.00', '50.00', '500.00', '0.00', '2017-02-04 01:33:28', 'cash', 1, '450.00'),
(2, 1, 1, '550.00', '0.00', '550.00', '0.00', '2017-02-21 18:57:26', 'cash', 1, '550.00'),
(3, 1, 1, '0.00', '550.00', '0.00', '0.00', '2017-02-21 19:49:41', 'cash', 1, '-550.00'),
(4, 1, 1, '550.00', '0.00', '550.00', '0.00', '2017-02-21 19:55:57', 'cash', 1, '550.00'),
(5, 2, 1, '110.00', '0.00', '110.00', '0.00', '2017-02-21 19:56:17', 'cash', 1, '110.00'),
(6, 1, 1, '550.00', '0.00', '550.00', '0.00', '2017-02-21 19:57:12', 'cash', 1, '550.00'),
(7, 2, 1, '550.00', '0.00', '550.00', '0.00', '2017-02-21 19:57:29', 'cash', 1, '550.00'),
(9, 2, 1, NULL, NULL, '0.00', NULL, '2017-02-21 21:16:52', 'credit', 1, '550.00'),
(10, 3, 6, '0.00', '0.00', '450.00', '0.00', '2018-09-11 23:42:14', 'cash', 1, '450.00'),
(11, 3, 6, '2400.00', '0.00', '2400.00', '0.00', '2018-09-11 23:52:13', 'cash', 1, '2400.00'),
(12, 4, 1, '19000.00', '0.00', '19700.00', '-700.00', '2018-09-12 12:59:34', 'cash', 1, '19700.00');

-- --------------------------------------------------------

--
-- Table structure for table `sales_details`
--

CREATE TABLE `sales_details` (
  `sales_details_id` int(11) NOT NULL,
  `sales_id` int(11) NOT NULL,
  `prod_id` int(11) NOT NULL,
  `price` decimal(10,2) NOT NULL,
  `qty` int(11) NOT NULL
) ENGINE=InnoDB DEFAULT CHARSET=latin1;

--
-- Dumping data for table `sales_details`
--

INSERT INTO `sales_details` (`sales_details_id`, `sales_id`, `prod_id`, `price`, `qty`) VALUES
(1, 1, 13, '550.00', 1),
(2, 2, 13, '550.00', 1),
(3, 3, 13, '550.00', 1),
(4, 4, 13, '550.00', 1),
(5, 5, 16, '110.00', 1),
(6, 6, 13, '550.00', 1),
(7, 7, 13, '550.00', 1),
(8, 8, 13, '550.00', 1),
(9, 9, 13, '550.00', 1),
(10, 10, 5, '45000.00', 10),
(11, 11, 17, '12.00', 200),
(12, 12, 20, '5.00', 2500),
(13, 12, 19, '35.00', 150),
(14, 12, 17, '12.00', 100),
(15, 12, 18, '30.00', 25);

-- --------------------------------------------------------

--
-- Table structure for table `stockin`
--

CREATE TABLE `stockin` (
  `stockin_id` int(11) NOT NULL,
  `prod_id` int(11) NOT NULL,
  `qty` int(6) NOT NULL,
  `date` datetime NOT NULL,
  `branch_id` int(11) NOT NULL
) ENGINE=InnoDB DEFAULT CHARSET=latin1;

--
-- Dumping data for table `stockin`
--

INSERT INTO `stockin` (`stockin_id`, `prod_id`, `qty`, `date`, `branch_id`) VALUES
(1, 5, 5, '2017-02-04 01:10:41', 1),
(2, 15, 100, '2017-02-04 01:10:49', 1),
(3, 13, 10, '2017-02-04 01:10:55', 1),
(4, 14, 5, '2017-02-04 01:11:07', 1),
(5, 5, 10, '2018-09-11 02:15:19', 1),
(6, 17, 500, '2018-09-11 23:51:29', 1),
(7, 20, 5000, '2018-09-12 12:43:02', 1),
(8, 19, 350, '2018-09-12 12:43:15', 1),
(9, 18, 30, '2018-09-12 12:43:25', 1);

-- --------------------------------------------------------

--
-- Table structure for table `supplier`
--

CREATE TABLE `supplier` (
  `supplier_id` int(11) NOT NULL,
  `supplier_name` varchar(100) NOT NULL,
  `supplier_address` varchar(300) NOT NULL,
  `supplier_contact` varchar(50) NOT NULL
) ENGINE=InnoDB DEFAULT CHARSET=latin1;

--
-- Dumping data for table `supplier`
--

INSERT INTO `supplier` (`supplier_id`, `supplier_name`, `supplier_address`, `supplier_contact`) VALUES
(8, 'MEDI-HEART', '15/2, Topkhana Road\r\nBMA Bhaban, Room # 36, 37, 38\r\nDhaka-1000, Bangladesh', '+88-02-9564242'),
(9, 'Khawja Trade Fair KHAWJA SURGICAL MART', 'BMA Bhaban, Shop # 39\r\n15/2, Topkhana Road\r\nDhaka-1000, Bangladesh', '+8801922-750701 '),
(10, 'Bio-Fair Surgical House', 'Shop No - 11, 15\r\n15/2, Topkhana Road\r\nBMA Bhaban, Dhaka - 1000\r\nBangladesh', '+8801912-393134'),
(11, 'Tushar Pharmacy', '2/1 Mayakanoon, \r\nKadomtola, Basaboo, \r\nDhaka - 1214, \r\nBangladesh', '+88 01712-507969'),
(12, 'Aftab Drug Store', '9, Shahbagh Biponi Bitan, Dhaka - 1000, Bangladesh', ' +880-2-8627959'),
(13, 'Lucky Medicine Store', '208/3 New Circular Road, \r\nMoghbazar, \r\nDhaka - 1217, \r\nBangladesh', '+880-2-9332390'),
(14, 'Alfa Scientific Co.', '33/3, Hatkhola Road.\r\nDhaka-1203, Bangladesh', '+88-02-9567736'),
(15, 'Central Scientific Company', '33/3, Shahid Nazrul Islam Road, Hatkhola, Dhaka - 1203,Bangladesh', '01727-334033');

-- --------------------------------------------------------

--
-- Table structure for table `temp_trans`
--

CREATE TABLE `temp_trans` (
  `temp_trans_id` int(11) NOT NULL,
  `prod_id` int(11) NOT NULL,
  `price` decimal(10,2) NOT NULL,
  `qty` int(11) NOT NULL,
  `branch_id` int(11) NOT NULL
) ENGINE=InnoDB DEFAULT CHARSET=latin1;

-- --------------------------------------------------------

--
-- Table structure for table `term`
--

CREATE TABLE `term` (
  `term_id` int(11) NOT NULL,
  `sales_id` int(11) DEFAULT NULL,
  `payable_for` varchar(10) NOT NULL,
  `term` varchar(11) NOT NULL,
  `due` decimal(10,2) NOT NULL,
  `payment_start` date NOT NULL,
  `down` decimal(10,2) NOT NULL,
  `due_date` date NOT NULL,
  `interest` decimal(10,2) NOT NULL,
  `status` varchar(10) NOT NULL
) ENGINE=InnoDB DEFAULT CHARSET=latin1;

--
-- Dumping data for table `term`
--

INSERT INTO `term` (`term_id`, `sales_id`, `payable_for`, `term`, `due`, `payment_start`, `down`, `due_date`, `interest`, `status`) VALUES
(1, 8, '4', 'monthly', '113.30', '2017-02-21', '113.30', '2017-06-21', '16.50', ''),
(2, 9, '4', 'monthly', '113.30', '2017-02-21', '113.30', '2017-06-21', '16.50', '');

-- --------------------------------------------------------

--
-- Table structure for table `user`
--

CREATE TABLE `user` (
  `user_id` int(11) NOT NULL,
  `username` varchar(15) NOT NULL,
  `password` varchar(50) NOT NULL,
  `name` varchar(50) NOT NULL,
  `status` varchar(10) NOT NULL,
  `branch_id` int(11) NOT NULL
) ENGINE=InnoDB DEFAULT CHARSET=latin1;

--
-- Dumping data for table `user`
--

INSERT INTO `user` (`user_id`, `username`, `password`, `name`, `status`, `branch_id`) VALUES
(1, 'admin', 'a1Bz20ydqelm8m1wql21232f297a57a5a743894a0e4a801fc3', 'Durjoy Kumar Sarker', 'active', 1),
(6, 'admin', 'a1Bz20ydqelm8m1wql21232f297a57a5a743894a0e4a801fc3', 'Joyanta Kumar Sarker', 'active', 0),
(7, 'Jhunu', 'a1Bz20ydqelm8m1wql0b9307b8409dc0a43dd65d55bec4373b', 'Jhunu Chondra Sarker', 'active', 1);

--
-- Indexes for dumped tables
--

--
-- Indexes for table `branch`
--
ALTER TABLE `branch`
  ADD PRIMARY KEY (`branch_id`);

--
-- Indexes for table `category`
--
ALTER TABLE `category`
  ADD PRIMARY KEY (`cat_id`);

--
-- Indexes for table `customer`
--
ALTER TABLE `customer`
  ADD PRIMARY KEY (`cust_id`);

--
-- Indexes for table `history_log`
--
ALTER TABLE `history_log`
  ADD PRIMARY KEY (`log_id`);

--
-- Indexes for table `payment`
--
ALTER TABLE `payment`
  ADD PRIMARY KEY (`payment_id`);

--
-- Indexes for table `product`
--
ALTER TABLE `product`
  ADD PRIMARY KEY (`prod_id`);

--
-- Indexes for table `purchase_request`
--
ALTER TABLE `purchase_request`
  ADD PRIMARY KEY (`pr_id`);

--
-- Indexes for table `sales`
--
ALTER TABLE `sales`
  ADD PRIMARY KEY (`sales_id`);

--
-- Indexes for table `sales_details`
--
ALTER TABLE `sales_details`
  ADD PRIMARY KEY (`sales_details_id`);

--
-- Indexes for table `stockin`
--
ALTER TABLE `stockin`
  ADD PRIMARY KEY (`stockin_id`);

--
-- Indexes for table `supplier`
--
ALTER TABLE `supplier`
  ADD PRIMARY KEY (`supplier_id`);

--
-- Indexes for table `temp_trans`
--
ALTER TABLE `temp_trans`
  ADD PRIMARY KEY (`temp_trans_id`);

--
-- Indexes for table `term`
--
ALTER TABLE `term`
  ADD PRIMARY KEY (`term_id`);

--
-- Indexes for table `user`
--
ALTER TABLE `user`
  ADD PRIMARY KEY (`user_id`);

--
-- AUTO_INCREMENT for dumped tables
--

--
-- AUTO_INCREMENT for table `branch`
--
ALTER TABLE `branch`
  MODIFY `branch_id` int(11) NOT NULL AUTO_INCREMENT, AUTO_INCREMENT=2;

--
-- AUTO_INCREMENT for table `category`
--
ALTER TABLE `category`
  MODIFY `cat_id` int(11) NOT NULL AUTO_INCREMENT, AUTO_INCREMENT=16;

--
-- AUTO_INCREMENT for table `customer`
--
ALTER TABLE `customer`
  MODIFY `cust_id` int(11) NOT NULL AUTO_INCREMENT, AUTO_INCREMENT=5;

--
-- AUTO_INCREMENT for table `history_log`
--
ALTER TABLE `history_log`
  MODIFY `log_id` int(11) NOT NULL AUTO_INCREMENT, AUTO_INCREMENT=25;

--
-- AUTO_INCREMENT for table `payment`
--
ALTER TABLE `payment`
  MODIFY `payment_id` int(11) NOT NULL AUTO_INCREMENT, AUTO_INCREMENT=3171;

--
-- AUTO_INCREMENT for table `product`
--
ALTER TABLE `product`
  MODIFY `prod_id` int(11) NOT NULL AUTO_INCREMENT, AUTO_INCREMENT=21;

--
-- AUTO_INCREMENT for table `purchase_request`
--
ALTER TABLE `purchase_request`
  MODIFY `pr_id` int(11) NOT NULL AUTO_INCREMENT;

--
-- AUTO_INCREMENT for table `sales`
--
ALTER TABLE `sales`
  MODIFY `sales_id` int(11) NOT NULL AUTO_INCREMENT, AUTO_INCREMENT=13;

--
-- AUTO_INCREMENT for table `sales_details`
--
ALTER TABLE `sales_details`
  MODIFY `sales_details_id` int(11) NOT NULL AUTO_INCREMENT, AUTO_INCREMENT=16;

--
-- AUTO_INCREMENT for table `stockin`
--
ALTER TABLE `stockin`
  MODIFY `stockin_id` int(11) NOT NULL AUTO_INCREMENT, AUTO_INCREMENT=10;

--
-- AUTO_INCREMENT for table `supplier`
--
ALTER TABLE `supplier`
  MODIFY `supplier_id` int(11) NOT NULL AUTO_INCREMENT, AUTO_INCREMENT=16;

--
-- AUTO_INCREMENT for table `temp_trans`
--
ALTER TABLE `temp_trans`
  MODIFY `temp_trans_id` int(11) NOT NULL AUTO_INCREMENT, AUTO_INCREMENT=5;

--
-- AUTO_INCREMENT for table `term`
--
ALTER TABLE `term`
  MODIFY `term_id` int(11) NOT NULL AUTO_INCREMENT, AUTO_INCREMENT=3;

--
-- AUTO_INCREMENT for table `user`
--
ALTER TABLE `user`
  MODIFY `user_id` int(11) NOT NULL AUTO_INCREMENT, AUTO_INCREMENT=8;
COMMIT;

/*!40101 SET CHARACTER_SET_CLIENT=@OLD_CHARACTER_SET_CLIENT */;
/*!40101 SET CHARACTER_SET_RESULTS=@OLD_CHARACTER_SET_RESULTS */;
/*!40101 SET COLLATION_CONNECTION=@OLD_COLLATION_CONNECTION */;
